E(level)(keV),Jπ(level),T1/2(level),E(γ)(keV),I(γ),M(γ),Final Levels,
0,0+,STABLE,,,,,
1368.667 5,2+,1.36 ps 3,1368.625 5,100,E2,0,0+
4122.853 12,4+,24.3 fs 21,2754.016 11,100,E2,1368.667,2+
4238.35 4,2+,45.7 fs 35,"2869.50 6 ,    4237.96 6","27.8 8 ,   100.0 6","M1+E2, [E2]","1368.667,        0","2+, 0+"
5235.16 5,3+,68 fs 5,"996.83 10 ,    3866.15 10 ,    5235","2.63 14 ,   100.0 5 ,    10 3","D+Q, E2(+M1), [M3]","4238.35,     1368.667,        0","2+, 2+, 0+"
6010.34 5,4+,53 fs 4,"775.4 2 ,    1771.92 7 ,    1887.52 20 ,    4641.19 9","1.6 2 ,    11.4 4 ,     1.64 18 ,   100.0 5",", [E2], , [E2]","5235.16,     4238.35,     4122.853,     1368.667","3+, 2+, 4+, 2+"
6432.2 10,0+,69 fs 12,"2194,    5063.2,    6432","21.0 9 ,   100.0 9 ,","[E2], [E2], E0","4238.35,     1368.667,        0","2+, 2+, 0+"
7000,,,,,,,
7348.60 10,2+,6.5 fs 22,"5979.5 8 ,    7347.2 9","61 3 ,   100 3",", [E2]","1368.667,        0","2+, 0+"
7555.3 10,1-,270 fs 55,"3316.7,    6185.8,    7554.0","49 4 ,    64 4 ,   100 6","[E1], [E1], [E1]","4238.35,     1368.667,        0","2+, 2+, 0+"
7616.41 7,3-,1.01 ps 15,"2381.0 3 ,    3378.3 8 ,    3493.3,    6246.89 11 ,    7615.2 9","7 2 ,     8.0 13 ,     7.2 14 ,   100 3 ,    38 3","[E1], [E1], [E1], [E1], [E3]","5235.16,     4238.35,     4122.853,     1368.667,        0","3+, 2+, 4+, 2+, 0+"
7747.7 2,1+,12.5 fs 28,"3509.1,    6378.1,    7746.4","12.9 9 ,   100 3 ,    39 3",", ,","4238.35,     1368.667,        0","2+, 2+, 0+"
7812.4 5,"(4-,5+)",21 fs 3,"1800,    2577.4 8 ,    3690","12 3 ,   100 5 ,    51 7",", ,","6010.34,     5235.16,     4122.853","4+, 3+, 4+"
8113.2 10,6+,3.6 fs 12,3990,100,[E2],4122.853,4+
8358.1 3,3-,63 fs 8,"2347.7,    3122.7,    6988.3,    8356.5","22 4 ,    33 4 ,   100 7 ,     8.6 10","[E1], [E1], [E1], [E3]","6010.34,     5235.16,     1368.667,        0","4+, 3+, 2+, 0+"
8438.4 10,1-,9 fs 2,"7068.6,    8436.8","25 13 ,   100 13","[E1], (E1)","1368.667,        0","2+, 0+"
8439.29 5,4+,3.2 fs 14,"822.0 6 ,    1090.67 10 ,    2428.97 15 ,    3203.88 8 ,    4200.54 13 ,    4316.00 12 ,    7069.50 12","0.05 2 ,     0.32 2 ,     1.79 4 ,     7.21 16 ,     9.5 5 ,    33 3 ,   100.0 17","[E1], [E2], , , [E2], , [E2]","7616.41,     7348.60,     6010.34,     5235.16,     4238.35,     4122.853,     1368.667","3-, 2+, 4+, 3+, 2+, 4+, 2+"
8654.9 4,2+,14 fs 3,"2222.3,    4416.1,    7285.0","6.1 12 ,    17 3 ,   100.0 25","[E2], ,","6432.2,     4238.35,     1368.667","0+, 2+, 2+"
8864.5 2,2-,5.5 fs 21,"3629.0,    4625.7,    7494.6,    8862.7","2.17 16 ,     8.9 3 ,   100.0 3 ,     1.03 16","[E1], [E1], [E1], [M2]","5235.16,     4238.35,     1368.667,        0","3+, 2+, 2+, 0+"
9003.5 2,2+,8.4 fs 12,"1654.4,    2570.9,    4880.1,    9001.7","12 4 ,    14 6 ,    35 10 ,   100 12",", [E2], [E2], [E2]","7348.60,     6432.2,     4122.853,        0","2+, 0+, 4+, 0+"
9146.2 3,1-,,"4907.3,    7776.2,    9144.3","53 4 ,    60 4 ,   100 6",", ,","4238.35,     1368.667,        0","2+, 2+, 0+"
9160 15,[5-],,,,,,
9284.4 3,"2+,4+",11 fs 3,"5161,    7914.3","27 4 ,   100 3",",","4122.853,     1368.667","4+, 2+"
9299.8 3,,,1683.3,100,,7616.41,3-
9301.07 9,(4+),7 fs 2,"1952.38 20 ,    5060.7 8 ,    5177.51 20 ,    7930.87 15","7.3 5 ,     2.8 10 ,    76 8 ,   100 8",", , ,","7348.60,     4238.35,     4122.853,     1368.667","2+, 2+, 4+, 2+"
9305.39 24,0+,173 fs 35,7935.3,100,,1368.667,2+
9450 15,"[5-,6+]",,,,,,
9457.81 4,(3)+,4.3 fs 21,"1710.0,    2108.65,    3447.21,    4222.20,    5218.81,    5334.29,    8087.66","2.1 9 ,     1.5 5 ,     2.1 3 ,    12.0 8 ,     5.6 6 ,    28.4 9 ,   100.0 17",", , , , , ,","7747.7,     7348.60,     6010.34,     5235.16,     4238.35,     4122.853,     1368.667","1+, 2+, 4+, 3+, 2+, 4+, 2+"
9516.18 5,4+,12 fs 5,"1076.86 4 ,    1704.8 8 ,    1899.70 6 ,    3505.61 9 ,    4280.62 13 ,    5277.2,    5392.68 9 ,    8146.0","85.8 17 ,     0.09 2 ,     4.74 12 ,    11.5 4 ,     3.82 23 ,     2.0 10 ,   100 6 ,     0.16 4",", , [E1], , , , , [E2]","8439.29,     7812.4,     7616.41,     6010.34,     5235.16,     4238.35,     4122.853,     1368.667","4+, (4-,5+), 3-, 4+, 3+, 2+, 4+, 2+"
9527.6 7,(6+),8 fs 4,"3517.0,    5404.0","100 6 ,    28 6","[E2], [E2]","6010.34,     4122.853","4+, 4+"
9532.7 2,"(2,3)+",14 fs 7,"1916.0,    4297.1,    5293.7,    8162.5","7.4 10 ,    39 6 ,    84 6 ,   100 26",", , ,","7616.41,     5235.16,     4238.35,     1368.667","3-, 3+, 2+, 2+"
9828.0 20,1+,0.30 fs 7,"3395.2,    8457.7,    9825.9 20","2.1 5 ,    30.3 20 ,   100.0 19",", ,","6432.2,     1368.667,        0","0+, 2+, 0+"
9940 15,[5-],,,,,,
9965.3 11,1+,71 as 7,"8595.1 15 ,    9963.0 15","38 6 ,   100 12",",","1368.667,        0","2+, 0+"
10027.97 9,5-,62 fs 18,"1670,    2215.6,    2411.2,    4017.2,    5904.2,    8657.5","45.4 22 ,     7.3 12 ,     8.8 24 ,    23 3 ,   100 10 ,    61 12","[E2], , [E2], [E1], [E1], [E3]","8358.1,     7812.4,     7616.41,     6010.34,     4122.853,     1368.667","3-, (4-,5+), 3-, 4+, 4+, 2+"
10059.1 4,"(1,2)+",< 3 fs,"5820.0,    8688.6 25","16 4 ,   100 4",",","4238.35,     1368.667","2+, 2+"
10110.9 4,(0+),< 5 keV,8740.5,100,,1368.667,2+
10161 3,(0+),,,,,,
10250 15,"[4+,5-]",,,,,,
10333.6 2,3-,< 7 keV,"6094.4,    8963","61 11 ,   100 11",",","4238.35,     1368.667","2+, 2+"
10360.7 3,2+,1.0 fs 3,"3927.9,    5124.9,    8990.2,   10358.3","1.2 4 ,     3.0 7 ,   100 4 ,    72 4","[E2], , , [E2]","6432.2,     5235.16,     1368.667,        0","0+, 3+, 2+, 0+"
10575.93 8,(4)+,9 fs 2,"1059.78 8 ,    1274.71 10 ,    2136.58 15 ,    5340.3 4","100 6 ,    37.2 21 ,    59 3 ,    40 5",", , ,","9516.18,     9301.07,     8439.29,     5235.16","4+, (4+), 4+, 3+"
10581.26 13,"(2+,3+,4+)",< 2 fs,"4570.4,    5345.4,    6342.0,    6457.4,    9210.6","20.6 8 ,    53.4 15 ,   100 3 ,    37.6 13 ,    46.1 15",", , , ,","6010.34,     5235.16,     4238.35,     4122.853,     1368.667","4+, 3+, 2+, 4+, 2+"
10659.8 2,"(1,2+)",,"9289.2,   10657.3","43 11 ,   100 11",",","1368.667,        0","2+, 0+"
10660.17 17,"(3+,4+)",< 2 fs,"5424.2,    6536.3,    9289.5","12 3 ,    35 13 ,   100 13",", ,","5235.16,     4122.853,     1368.667","3+, 4+, 2+"
10679.7 3,0+,2.1 eV 8,"3124,    3331,    6440,    9309","0.6 4 ,     2.4 4 ,    14.7 12 ,   100 3",", , ,","7555.3,     7348.60,     4238.35,     1368.667","1-, 2+, 2+, 2+"
10712.2 2,1+,23 as 2,10709.6,100,,0,0+
10731.1 2,2+,7 fs 3,"5495.2,    6491.8,    9360.5","10 3 ,    27 3 ,   100 4",", (M1),","5235.16,     4238.35,     1368.667","3+, 2+, 2+"
10820.8 4,"3+,4+",7.5 eV 11,9450.1 4,100,,1368.667,2+
10917.2 3,2+,0.8 fs 1,"4485,    4906.3,    5681.3,    6677.8,    6793.3,    9546.5,   10914.5","0.85 21 ,     1.70 21 ,     2.77 21 ,     1.06 21 ,    34.0 21 ,   100 4 ,    72 4","[E2], [E2], , , [E2], , [E2]","6432.2,     6010.34,     5235.16,     4238.35,     4122.853,     1368.667,        0","0+, 4+, 3+, 2+, 4+, 2+, 0+"
11012 3,"3,5+",,"2573,    5001","100 11 ,    47 9",",","8439.29,     6010.34","4+, 4+"
11018 3,2+,< 3 keV,"1048,    3270,    3462,    5007,    5782,    6779,    6894,    9647,   11015","2.5 6 ,     0.62 12 ,     0.37 12 ,     0.86 12 ,     1.5 3 ,     2.4 4 ,     1.0 3 ,   100 3 ,    14.2 12",", , , , , , , ,","9965.3,     7747.7,     7555.3,     6010.34,     5235.16,     4238.35,     4122.853,     1368.667,        0","1+, 1+, 1-, 4+, 3+, 2+, 4+, 2+, 0+"
11133 3,,26 fs 4,3518,100,,7616.41,3-
11150 15,"[6+,7-]",,,,,,
11165 2,3-,< 3 keV,"2726,    3609,    5154,    5929,    7041,    9794","5.8 3 ,     6.2 3 ,    13.1 3 ,    11.3 3 ,     1.81 14 ,   100 3",", , , , ,","8438.4,     7555.3,     6010.34,     5235.16,     4122.853,     1368.667","1-, 1-, 4+, 3+, 4+, 2+"
11181 3,,,,,,,
11187.3 3,,,9816.5,100,,1368.667,2+
11207 3,,0.0022 eV 12,9836,100,,1368.667,2+
11216.69 18,"3+,4+",0.78 eV 11,"1700,    2562,    3868,    5981,    7093,    9846","1.40 12 ,     0.81 12 ,     0.35 12 ,     0.93 12 ,    12.8 12 ,   100.0 23",", , , , ,","9516.18,     8654.9,     7348.60,     5235.16,     4122.853,     1368.667","4+, 2+, 2+, 3+, 4+, 2+"
11293 3,,20 fs 3,,,,,
11314.4 15,"(3,4)+",,9943.5 15,100,,1368.667,2+
11330 3,,,9959,100,,1368.667,2+
11390 20,0+,,,,,,
11391 3,1-,0.5 keV,"1332,    1426,    2953,    3643,    4958,    7152,   10020,   11388","1.9 3 ,     1.01 14 ,     1.01 14 ,     1.45 14 ,     1.16 14 ,     2.2 3 ,   100 3 ,    36.2 14",", , , , , , ,","10059.1,     9965.3,     8438.4,     7747.7,     6432.2,     4238.35,     1368.667,        0","(1,2)+, 1+, 1-, 1+, 0+, 2+, 2+, 0+"
11394 4,,,,,,,
11452.8 4,2+,< 2 keV,"721.7,    1393.7,    1487.5,    3704.8,    3836.0,    4103.4,    6216.7,    7213.3,    7328.7,   10081.8,   11449.8","3.4 5 ,     1.14 23 ,    12.7 7 ,     3.2 5 ,     0.9 5 ,     1.36 23 ,     4.1 5 ,    47.7 23 ,     1.82 23 ,   100.0 23 ,    50.0 23",", , , , , , , , , ,","10731.1,    10059.1,     9965.3,     7747.7,     7616.41,     7348.60,     5235.16,     4238.35,     4122.853,     1368.667,        0","2+, (1,2)+, 1+, 1+, 3-, 2+, 3+, 2+, 4+, 2+, 0+"
11457 3,(0+),,,,,,
11522 2,2+,0.5 keV,"791,    1463,    1557,    3164,    3774,    3905,    5089,    7282,    7398,   10151,   11519","1.59 16 ,     2.1 3 ,     1.11 16 ,     0.32 16 ,     1.11 16 ,     1.43 16 ,    12.2 5 ,     8.1 3 ,     7.0 3 ,    23.8 16 ,   100 3",", , , , , , , , , ,","10731.1,    10059.1,     9965.3,     8358.1,     7747.7,     7616.41,     6432.2,     4238.35,     4122.853,     1368.667,        0","2+, (1,2)+, 1+, 3-, 1+, 3-, 0+, 2+, 4+, 2+, 0+"
11527 4,(2+),,,,,,
11568,(2+),,,,,,
11600 2,3-,15 fs 4,"2084,    2299,    2300,    2315,    3242,    3983,    7476","21.8 14 ,    75 5 ,     5.9 14 ,    12.5 11 ,     8.2 7 ,   100 5 ,     3.9 5","[E1], [E1], , [E1], , , [E1]","9516.18,     9301.07,     9299.8,     9284.4,     8358.1,     7616.41,     4122.853","4+, (4+), , 2+,4+, 3-, 3-, 4+"
11618 3,,,,,,,
11698.2 13,4+,1.6 eV 6,"686,    2397,    2398,    3043,    3259,    3885,    4349,    5687,    6462,    7459,    7574,   10327","1.82 23 ,   100 5 ,     1.1 5 ,     2.5 5 ,     3.6 5 ,     1.4 5 ,     5.9 5 ,     5.0 5 ,     6.8 5 ,    19.8 9 ,    15.7 9 ,    64 5",", , , , , , , , , , ,","11012,     9301.07,     9299.8,     8654.9,     8439.29,     7812.4,     7348.60,     6010.34,     5235.16,     4238.35,     4122.853,     1368.667","3,5+, (4+), , 2+, 4+, (4-,5+), 2+, 4+, 3+, 2+, 4+, 2+"
11730 2,0+,10 keV 2,"1765,    4174,    7490,   10359","3.48 22 ,     1.63 11 ,     3.59 22 ,   100.0 22",", , ,","9965.3,     7555.3,     4238.35,     1368.667","1+, 1-, 2+, 2+"
11830 2,,,,,,,
11860 2,(8+),63 fs 24,3747,100,,8113.2,6+
11862.8 13,1-,7.0 keV 3,"4306,    4513,    7622,   10491,   11859","4.4 4 ,     1.75 18 ,     4.4 4 ,    65 4 ,   100 4",", , , ,","7555.3,     7348.60,     4238.35,     1368.667,        0","1-, 2+, 2+, 2+, 0+"
11909 2,,5.5 keV 22,,,,,
11932.9 2,(3)+,< 0.02 keV,"2631.9,    3068.4,    4120.5,    4583.6,    5922.0,    6696.9,    7693.4,    7808.9,   10561.9","0.19 7 ,     0.34 7 ,     1.41 16 ,     1.62 19 ,     4.3 5 ,     1.27 21 ,     0.51 19 ,    24.4 24 ,   100 10",", , , , , , , ,","9301.07,     8864.5,     7812.4,     7348.60,     6010.34,     5235.16,     4238.35,     4122.853,     1368.667","(4+), 2-, (4-,5+), 2+, 4+, 3+, 2+, 4+, 2+"
11966.6 5,2+,2.0 keV 4,"760,    1236,    1908,    2001,    5534,    6731,    7727,    7842,   10596,   11964","0.9 3 ,     3.7 6 ,    12.0 6 ,     4.9 6 ,     9.4 6 ,    60 3 ,    46 3 ,     3.4 3 ,   100 6 ,    46 3",", , , , , , , , ,","11207,    10731.1,    10059.1,     9965.3,     6432.2,     5235.16,     4238.35,     4122.853,     1368.667,        0",", 2+, (1,2)+, 1+, 0+, 3+, 2+, 4+, 2+, 0+"
11988.5 1,2+,< 0.02 keV,"1257.4,    1929.3,    2703.9,    2984.8,    3122.8,    3549.8,    4240.4,    4432.8,    6752.3,    7748.8,   10617.3,   11985.3","0.9 4 ,     1.5 9 ,     2.0 11 ,     1.3 7 ,    11 5 ,     6.3 4 ,    11 5 ,     3.3 17 ,    17 9 ,   100 5 ,    61 2 ,     1.7 9",", , , , , , , , , , ,","10731.1,    10059.1,     9284.4,     9003.5,     8864.5,     8438.4,     7747.7,     7555.3,     5235.16,     4238.35,     1368.667,        0","2+, (1,2)+, 2+,4+, 2+, 2-, 1-, 1+, 1-, 3+, 2+, 2+, 0+"
12003 3,,< 1 keV,"991,    3563,    5992,    7879","19 3 ,     9.5 16 ,    30 3 ,   100 3",", , ,","11012,     8439.29,     6010.34,     4122.853","3,5+, 4+, 4+, 4+"
12017.2 6,3-,0.7 keV 2,,,,,
12051.3 5,4+,< 0.02 keV,"6040,    6815,    7927,   10680","6.9 7 ,    30.6 14 ,   100 3 ,     1.4 3",", , ,","6010.34,     5235.16,     4122.853,     1368.667","4+, 3+, 4+, 2+"
12119.0 10,4+,1.9 keV 3,"2603,    6108,    7879,    7995,   10748","100 8 ,    27 5 ,    92 5 ,    38 5 ,    14 3",", , , ,","9516.18,     6010.34,     4238.35,     4122.853,     1368.667","4+, 4+, 2+, 4+, 2+"
12128 3,,,4315,100,,7812.4,"(4-,5+)"
12162 3,4+,0.9 keV 3,"2646,    3158,    6926,    7922,    8038,   10791","17.6 20 ,     3.9 10 ,     5.9 20 ,    11.8 20 ,   100 6 ,    57 6",", , , , ,","9516.18,     9003.5,     5235.16,     4238.35,     4122.853,     1368.667","4+, 2+, 3+, 2+, 4+, 2+"
12183.3 1,,< 0.046 keV,"966.6,    1452.2,    1822.5,    2217.9,    3528.1,    4435.2,    5750.4,    7943.5,   10812.0,   12180.0","2.1 11 ,     2.0 10 ,     5.0 25 ,     1.4 7 ,     4.8 24 ,     3.7 18 ,     1.8 10 ,    12.8 7 ,   100 6 ,     7 4",", , , , , , , , ,","11216.69,    10731.1,    10360.7,     9965.3,     8654.9,     7747.7,     6432.2,     4238.35,     1368.667,        0","3+,4+, 2+, 2+, 1+, 2+, 1+, 0+, 2+, 2+, 0+"
12244 3,,,,,,,
12259.3 5,2-,< 0.06 keV,"1042.6,    2293.9,    2431.0,    3255.6,    3394.5,    3819.7,    4910.2,    7023.0,    8019.5,    8135.0,   10888.0,   12255.9","3.3 18 ,     1.1 7 ,     2.2 11 ,     4.4 22 ,     9 4 ,     5.6 28 ,     9 4 ,    24.4 22 ,   100 5 ,     1.1 7 ,    60 2 ,     2.2 11",", , , , , , , , , , ,","11216.69,     9965.3,     9828.0,     9003.5,     8864.5,     8439.29,     7348.60,     5235.16,     4238.35,     4122.853,     1368.667,        0","3+,4+, 1+, 1+, 2+, 2-, 4+, 2+, 3+, 2+, 4+, 2+, 0+"
12259.8 4,3-,1.8 keV 3,,,,,
12273 5,(3-),,,,,,
12340 15,[7+],,,,,,
12340.2 4,3+,< 0.07 keV,"1680.3,    3336.5,    3685.0,    4723.3,    4991.0,    7103.9,    8100.4,    8215.8,   10968.8","1.1 7 ,     5.1 27 ,     2.4 13 ,     9 4 ,    29 2 ,    47 2 ,   100 5 ,     4.9 24 ,    24 1",", , , , , , , ,","10659.8,     9003.5,     8654.9,     7616.41,     7348.60,     5235.16,     4238.35,     4122.853,     1368.667","(1,2+), 2+, 2+, 3-, 2+, 3+, 2+, 4+, 2+"
12342 3,,3.5 fs 14,4529,100,,7812.4,"(4-,5+)"
12385,0-,7 keV 2,,,,,
12400.3 5,3+,< 0.09 keV,"2341.1,    2883.9,    2942.3,    3396.5,    4783.4,    5051.1,    7164.0,    8160.5,    8275.9,   11028.9","3.9,    18,     2.8,     4.9,    10,    31,    44,   100,     6,    36",", , , , , , , , ,","10059.1,     9516.18,     9457.81,     9003.5,     7616.41,     7348.60,     5235.16,     4238.35,     4122.853,     1368.667","(1,2)+, 4+, (3)+, 2+, 3-, 2+, 3+, 2+, 4+, 2+"
12404.9 5,2+,< 0.1 keV,"3103.6,    3401.1,    3540.1,    3749.7,    3966.1,    4046.4,    4788.0,    5055.7,    7168.6,    8165.1,    8280.5,   11033.5,   12401.5","2.4 12 ,     4.4 22 ,     2.5 13 ,    19 1 ,     4.1 21 ,     1.6 8 ,    12 6 ,     3.0 15 ,     1.9 10 ,   100 5 ,     1.4 8 ,     3.3 17 ,     3.0 15",", , , , , , , , , , , ,","9299.8,     9003.5,     8864.5,     8654.9,     8438.4,     8358.1,     7616.41,     7348.60,     5235.16,     4238.35,     4122.853,     1368.667,        0",", 2+, 2-, 2+, 1-, 3-, 3-, 2+, 3+, 2+, 4+, 2+, 0+"
12443 3,"6+,7-",11 fs 3,2415,100,,10027.97,5-
12450 3,1-,5.7 keV 4,,,,,
12467 3,2+,5.1 keV 1,,,,,
12478 3,2+,3.8 keV 3,,,,,
12507 3,4+,2.3 keV 3,"5158,    7271,    8267,    8382,   11136","5.8 10 ,    15.4 19 ,    46 4 ,    25 4 ,   100 6",", , , ,","7348.60,     5235.16,     4238.35,     4122.853,     1368.667","2+, 3+, 2+, 4+, 2+"
12527.6 6,1+,7.5 keV 10,"1796.4,    2468.4,    2699.2,    3662.8,    3872.4,    4088.8,    4779.4,    6094.6,    8287.7,   11156.2,   12524.1","1.9 10 ,     6 3 ,     2.6 13 ,     7 3 ,    13 6 ,     7 4 ,    16 8 ,    33 2 ,    36 2 ,    15 8 ,   100 5",", , , , , , , , , ,","10731.1,    10059.1,     9828.0,     8864.5,     8654.9,     8438.4,     7747.7,     6432.2,     4238.35,     1368.667,        0","2+, (1,2)+, 1+, 2-, 2+, 1-, 1+, 0+, 2+, 2+, 0+"
12581 3,2+,5.5 keV 6,,,,,
12638.7 1,4+,0.03 keV 2,"3180.7,    4825.8,    6627.4,    7402.3,    8398.8,    8514.2,   11267.2","0.9 5 ,     3.6 18 ,    15.8 8 ,     8.7 43 ,     0.7 4 ,   100 5 ,     2.0 11",", , , , , ,","9457.81,     7812.4,     6010.34,     5235.16,     4238.35,     4122.853,     1368.667","(3)+, (4-,5+), 4+, 3+, 2+, 4+, 2+"
12659.1 1,,0.08 keV 8,,,,,
12660.8 5,3-,0.9 keV 3,"1930,    2602,    3144,    3796,    4913,    5312,    7424,    8421,    8536,   11289","5 3 ,    16 3 ,    22 3 ,    27 5 ,     5 3 ,    19 3 ,     8 3 ,   100 11 ,    16 3 ,    51 5",", , , , , , , , ,","10731.1,    10059.1,     9516.18,     8864.5,     7747.7,     7348.60,     5235.16,     4238.35,     4122.853,     1368.667","2+, (1,2)+, 4+, 2-, 1+, 2+, 3+, 2+, 4+, 2+"
12670.0 5,2-,4.0 keV 5,"682.5,    1217.1,    1462.9,    1482.6,    1752.7,    1849.1,    1938.8,    1957.7,    2010.1,    2309.1,    2336.4,    2610.7,    2704.5,    2841.6,    3137.1,    3385.3,    3523.5,    3666.2,    3805.2,    4014.7,    4231.1,    4311.5,    4921.8,    5053.0,    5114.1,    5320.8,    7433.6,    8430.1,   11298.5,   12666.4","0.36 2 ,     0.17 2 ,     0.20 3 ,     0.19 2 ,     0.11 1 ,     0.07 1 ,     0.81 3 ,     0.42 2 ,     0.17 2 ,     0.04 2 ,     0.28 2 ,     0.25 3 ,     0.29 2 ,     1.02 5 ,     2.03 8 ,     1.12 5 ,     0.45 3 ,     0.67 5 ,    24.0 8 ,     0.47 3 ,     5.0 5 ,     2.35 8 ,     6.88 22 ,     0.05 2 ,     2.53 10 ,     0.07 2 ,     0.10 3 ,   100.0 13 ,    17.3 7 ,     0.42 5",", , , , , , , , , , , , , , , , , , D, , , , , , , , , D, ,","11988.5,    11452.8,    11207,    11187.3,    10917.2,    10820.8,    10731.1,    10712.2,    10659.8,    10360.7,    10333.6,    10059.1,     9965.3,     9828.0,     9532.7,     9284.4,     9146.2,     9003.5,     8864.5,     8654.9,     8438.4,     8358.1,     7747.7,     7616.41,     7555.3,     7348.60,     5235.16,     4238.35,     1368.667,        0","2+, 2+, , , 2+, 3+,4+, 2+, 1+, (1,2+), 2+, 3-, (1,2)+, 1+, 1+, (2,3)+, 2+,4+, 1-, 2+, 2-, 2+, 1-, 3-, 1+, 3-, 1-, 2+, 3+, 2+, 2+, 0+"
12733.3 6,,< 0.6 keV,,,,,
12739.0 7,2+,8.0 keV 7,,,,,
12744 1,(2+),11 keV 2,,,,,
12747 2,(4+),2 keV 2,,,,,
12778 1,2+,30 keV 5,,,,,
12784 2,(1-),28 keV 4,,,,,
12807.8 5,2+,1.8 keV 6,"6374.7,    7571.4,    8567.8,   11436.2,   12802.1","1.5 8 ,     3.0 15 ,     7.6 38 ,    39 2 ,   100 5",", , , ,","6432.2,     5235.16,     4238.35,     1368.667,        0","0+, 3+, 2+, 2+, 0+"
12818.1 2,1+,2.3 keV 4,"2457.3,    2989.7,    3953.3,    4162.8,    4379.3,    5069.8,    6385.0,    7581.6,    8578.1,   11446.5,   12814.4","2.6 13 ,     3.9 19 ,     6 3 ,    17 8 ,     9 5 ,    18 9 ,    18 9 ,     2.6 13 ,    54 3 ,    26 13 ,   100 5",", , , , , , , , , ,","10360.7,     9828.0,     8864.5,     8654.9,     8438.4,     7747.7,     6432.2,     5235.16,     4238.35,     1368.667,        0","2+, 1+, 2-, 2+, 1-, 1+, 0+, 3+, 2+, 2+, 0+"
12846.9 5,"(3-,4+)",0.2 keV 1,"6835.5,    7610.4,    8606.9,    8722.3,   11475.3","6.1 31 ,     4.1 20 ,   100 5 ,    73 4 ,    20 10",", , , ,","6010.34,     5235.16,     4238.35,     4122.853,     1368.667","4+, 3+, 2+, 4+, 2+"
12852.3 5,,0.3 keV 1,,,,,
12854 1,"(1+,2+,3+)",0.4 keV 1,"7618,    8614,   11482,   12850","52 3 ,   100 5 ,    18 9 ,     9 5",", , ,","5235.16,     4238.35,     1368.667,        0","3+, 2+, 2+, 0+"
12861 3,"2+,3-",< 1 keV,"3560,    4422,    6850,    8736","52 4 ,    40 4 ,   100 4 ,    19 4",", , ,","9301.07,     8438.4,     6010.34,     4122.853","(4+), 1-, 4+, 4+"
12895.1 5,1+,0.3 keV 2,"4239.8,    5146.8?,    7658.6,    8655.1,   11523.4","4.2 21 ,     6.9 35 ,    16.7 8 ,    11 6 ,   100 6",", , , ,","8654.9,     7747.7,     5235.16,     4238.35,     1368.667","2+, 1+, 3+, 2+, 2+"
12921.6 5,"(2+,3-,4+)",6.5 keV 5,"3636.9,    4266.3,    4563.0,    7685.1,    8681.6,    8797.0,   11549.9","24 12 ,    14 7 ,    59 3 ,   100 5 ,    72 4 ,    52 3 ,    24 12",", , , , , ,","9284.4,     8654.9,     8358.1,     5235.16,     4238.35,     4122.853,     1368.667","2+,4+, 2+, 3-, 3+, 2+, 4+, 2+"
12955.5 1,1+,1.9 keV 1,"1502.6,    2243.2,    2275.7,    2594.6,    2844.4,    2896.2,    2990.0,    3127.1,    3649.8,    3809.0,    3951.6,    4090.6,    4300.2,    4516.6,    5206.6,    5605.1,    6521.4,    8714.8,   11583.2,   12951.1","0.06 1 ,     0.016 5 ,     0.021 4 ,     1.43 5 ,     0.123 6 ,     0.157 7 ,     0.029 4 ,     0.89 2 ,     0.81 2 ,     0.65 2 ,     0.030 2 ,     0.31 1 ,     0.20 1 ,     0.064 5 ,     0.014 2 ,     0.16 6 ,     1.17 4 ,     1.12 4 ,   100.0 5 ,     9.6 4",", , , , , , , , , , , , , , , , , , ,","11452.8,    10712.2,    10679.7,    10360.7,    10110.9,    10059.1,     9965.3,     9828.0,     9305.39,     9146.2,     9003.5,     8864.5,     8654.9,     8438.4,     7747.7,     7348.60,     6432.2,     4238.35,     1368.667,        0","2+, 1+, 0+, 2+, (0+), (1,2)+, 1+, 1+, 0+, 1-, 2+, 2-, 2+, 1-, 1+, 2+, 0+, 2+, 2+, 0+"
12963.9 5,2-,3.5 keV 2,"2904.6,    7727.4,    8723.8,   11592.2,   12960.1","4.1,    21,     4.1,   100,     8.2",", , , ,","10059.1,     5235.16,     4238.35,     1368.667,        0","(1,2)+, 3+, 2+, 2+, 0+"
12967.9 5,,< 1.5 keV,,,,,
12975 3,4+,3.3 keV 3,,,,,
12997.9 5,,0.3 keV 2,,,,,
13029.8 1,"2+,3-",0.7 keV 1,"2668.9,    3571.7,    3729.7,    4025.9,    4374.5,    4590.9,    5412.7,    7793.3,    8789.7,    8905.2,   11658.1","1.0,     4.1,     3.1,     8,     4.1,     3.1,    22,   100,    49,     6.1,     3.5",", , , , , , , , , ,","10360.7,     9457.81,     9299.8,     9003.5,     8654.9,     8438.4,     7616.41,     5235.16,     4238.35,     4122.853,     1368.667","2+, (3)+, , 2+, 2+, 1-, 3-, 3+, 2+, 4+, 2+"
13048 2,0+,3.0 keV 7,"3082,    3220,    4609,    5300,    5492","70 7 ,   100 7 ,    30 5 ,    23 5 ,    14 5",", D, , ,","9965.3,     9828.0,     8438.4,     7747.7,     7555.3","1+, 1+, 1-, 1+, 1-"
13050.0 1,4+,0.09 keV 3,"922.0,    1719.0,    1833.2,    2229.1,    2389.7,    2468.6,    3021.8,    3591.9,    3748.6,    3749.9,    3765.3,    5237.0,    5432.9,    7038.6,    7813.5,    8925.4,   11678.3","0.040 4 ,     0.021 7 ,     0.32 1 ,     0.052 5 ,     0.30 1 ,     2.28 7 ,     0.52 2 ,     2.52 8 ,     0.09 3 ,     0.35 3 ,     0.139 6 ,     0.20 1 ,     0.013 4 ,     1.83 6 ,     1.58 6 ,   100.0 2 ,     0.09 1",", , , , , , , , , , , , , , , ,","12128,    11330,    11216.69,    10820.8,    10660.17,    10581.26,    10027.97,     9457.81,     9301.07,     9299.8,     9284.4,     7812.4,     7616.41,     6010.34,     5235.16,     4122.853,     1368.667",", , 3+,4+, 3+,4+, (3+,4+), (2+,3+,4+), 5-, (3)+, (4+), , 2+,4+, (4-,5+), 3-, 4+, 3+, 4+, 2+"
13057 3,5-,< 1 keV,"2723,    4698,    5440,    8932","16 3 ,    15 3 ,    16 3 ,   100 5",", , ,","10333.6,     8358.1,     7616.41,     4122.853","3-, 3-, 3-, 4+"
13088.8 5,2+,9 keV 3,"3804.1,    4433.5,    4730.2,    7077.3,    7852.3,    8848.7,    8964.2,   11717.1,   13085.0","27,     6,    67,    10,   100,    40,    63,    20,     0.7",", , , , , , , ,","9284.4,     8654.9,     8358.1,     6010.34,     5235.16,     4238.35,     4122.853,     1368.667,        0","2+,4+, 2+, 3-, 4+, 3+, 2+, 4+, 2+, 0+"
13095 2,(2+),14 keV 3,,,,,
13133 3,0+,7 keV 1,,,,,
13138 3,,5.4 keV 5,,,,,
13146,,3.2 keV 5,,,,,
13160.5 7,,1.7 keV 7,,,,,
13178 3,,,,,,,
13184.6 8,,5.6 keV 4,,,,,
13196 2,0+,2.7 keV 4,,,,,
13206 2,(4+),14 keV 3,,,,,
13212.8,,2.3 fs 12,5099,100,,8113.2,6+
13260 4,1-,36 keV 3,,,,,
13268.7 7,(1)+,≈ 8 keV,,,,,
13275.5 10,,≈ 2 keV,,,,,
13335 3,1-,33 keV 3,,,,,
13345.7 6,3-,0.6 keV 2,"1824,    2685.7,    3887.6,    4045.5,    4341.8,    4905.9,    5728.6,    5996.3,    8109.1,    9105.5,    9220.9,   11973.8,   13341.7","1.9,    19,    19,    28,     2.8,   100,    33,     6,     2.8,    25,    31,     8,     0.8",", , , , , , , , , , , ,","11522,    10659.8,     9457.81,     9299.8,     9003.5,     8439.29,     7616.41,     7348.60,     5235.16,     4238.35,     4122.853,     1368.667,        0","2+, (1,2+), (3)+, , 2+, 4+, 3-, 2+, 3+, 2+, 4+, 2+, 0+"
13352,,,,,,,
13355.0 8,2-,15.2 keV 2,,,,,
13366.9 8,(2),1.6 keV 7,"2785,    5554,   11995,   13363","100,    35,     9,     9",", , ,","10581.26,     7812.4,     1368.667,        0","(2+,3+,4+), (4-,5+), 2+, 0+"
13370 10,0+,,,,,,
13390 15,[7-],,,,,,
13413 4,,2.8 keV 3,,,,,
13419.3 8,,3.2 keV 7,,,,,
13424.7 12,,3.2 keV 7,,,,,
13437 4,3-,15.0 keV 25,,,,,
13446.8 8,"(1,2)",< 0.4 keV,"2056,    5008,    9323,   12075,   13443","65 3 ,    21 10 ,  ,   100 4 ,    23 1",", , , ,","11391,     8438.4,     4122.853,     1368.667,        0","1-, 1-, 4+, 2+, 0+"
13450 20,6+,< 15 keV,,,,,
13452.4 8,"2+,(1+)",3.2 keV 7,,,,,
13474.9 8,"2+,3,4+",< 1 keV,"7463,    8238,    9350,   12103","60 3 ,   100 5 ,    15 7 ,     7 4",", , ,","6010.34,     5235.16,     4122.853,     1368.667","4+, 3+, 4+, 2+"
13482.9 8,,1.2 keV 3,,,,,
13542.3 8,,6.9 keV 10,,,,,
13585,(1)-,21 keV 2,,,,,
13587.1 10,1-,8.0 keV 10,,,,,
13632.6 11,,2.1 keV 12,,,,,
13677.4 9,,6.5 keV 17,,,,,
13686 1,2-,23 keV 3,,,,,
13708,(3-),≈ 130 keV,,,,,
13722 4,2+,4.3 keV 3,,,,,
13738 1,(2+),13 keV 3,,,,,
13771 3,5-,5.5 keV 23,"5412,    9646","100 10 ,    72 10",",","8358.1,     4122.853","3-, 4+"
13788 10,(4+),≈ 21 keV,,,,,
13800 3,0+,4.5 keV 7,,,,,
13813 3,1-,24 keV 4,,,,,
13819 2,2-,39 keV 9,,,,,
13841 3,,2.5 keV 5,,,,,
13850 4,,< 1 keV,,,,,
13882 2,1+,2.0 keV 2,,,,,
13886 3,2+,38 keV 8,,,,,
13893 3,0+,13 keV 2,,,,,
13910 1,4+,18 keV 3,,,,,
13933 2,"(1,2,3)+",3.0 keV 6,,,,,
13948 3,1+,4.0 keV 8,,,,,
13984 3,"(1,2,3)+",4.9 keV 5,,,,,
14019 4,3-,,,,,,
14026 3,2+,5.1 keV 8,,,,,
14037 2,(1-),21 keV 4,,,,,
14060 10,,< 4 keV,,,,,
14079 4,,24 keV 5,,,,,
14081 3,1+,6.0 keV 6,"3069,    4779,    8069,    9956","40 4 ,     2.2 9 ,    80 7 ,   100 7",", , ,","11012,     9301.07,     6010.34,     4122.853","3,5+, (4+), 4+, 4+"
14101 4,,1.4 keV 4,,,,,
14150 4,8+,1.8 keV 4,"4620 25 ,    6040 25","100 4 ,    33 4",",","9527.6,     8113.2","(6+), 6+"
14152 4,,6.2 keV 7,,,,,
14157 4,,,,,,,
14165 1,(4+),11.1 keV 19,,,,,
14245 4,,11.3 keV 14,,,,,
14264 1,(4+),16 keV 2,,,,,
14329 4,4+,< 1 keV,,,,,
14355 12,(3-),112 keV 29,,,,,
14397 2,4+,12 keV 3,,,,,
14461 10,,46 keV,,,,,
14500,,,,,,,
14568 10,"(3-,5-)",< 13 keV,,,,,
14582 10,,61 keV,,,,,
14648 6,,11 keV 9,,,,,
14696 1,(5-),9 keV 1,,,,,
14745 10,(4+),13 keV,,,,,
≈14793,,,,,,,
14928 10,"(0+,1-)",≈ 10 keV,,,,,
14995 10,"(4+,5-)",≈ 20 keV,,,,,
15045 35,(6-),,,,,,
≈15093,,,,,,,
15117 10,(4+),15 keV,,,,,
15141 10,,15 keV,,,,,
15179 3,(4+),57 keV 7,,,,,
15214 1,(5-),36 keV 3,,,,,
15233 3,(4+),27 keV 6,,,,,
15266 10,"(1-,3-)",≈ 8 keV,,,,,
15330 30,0+,,,,,,
15354 3,(4+),21 keV 4,,,,,
15385 3,(4+),31 keV 7,,,,,
15437.5 6,0+,0.7 keV 3,,,,,
15443 10,(2+),13 keV,,,,,
15484 10,(2+),15 keV,,,,,
15533 1,(6+),18 keV 2,,,,,
15570 15,,,,,,,
15611 3,(2+),31 keV 8,,,,,
15640 20,(6+),,,,,,
15691 10,(0+),≤ 15 keV,,,,,
15716 10,(4+),,,,,,
15750 15,"[7-,8+]",,,,,,
15790 30,0+,,,,,,
15793 10,(4+),13 keV,,,,,
15828 10,,87 keV,,,,,
15853 10,,< 13 keV,,,,,
15886 10,(4+),42 keV,,,,,
15978,"(1-,3-)",≈ 35 keV,,,,,
16070 20,6+,,,,,,
16136 10,(3-),19 keV 6,,,,,
16170 10,"(4+,6+)",< 8 keV,,,,,
16203 10,(6+),8 keV,,,,,
16278 10,(4+),30 keV,,,,,
16309 10,,10 keV,,,,,
16333,"(4+,6+)",,,,,,
16343 10,(4+),13 keV,,,,,
16395 4,(2+),37 keV 10,,,,,
16440 10,(7-),10 keV,,,,,
16477 1,(6+),8 keV 2,,,,,
16529 2,(6+),31 keV,,,,,
16564 10,8+,,,,,,
16602 10,6+,30 keV,,,,,
16611 10,(5-),≤ 8 keV,,,,,
16674 10,6+,30 keV,,,,,
16782 10,"(4+,6+)",30 keV,,,,,
16844 10,(6+),22 keV,,,,,
16874 6,(5-),73 keV 17,,,,,
16904 3,,< 7 fs,5043,100,,11860,(8+)
16929 3,(6+),44 keV 6,,,,,
17017 3,(7-),15 keV 10,,,,,
17088 3,(6+),44 keV 6,,,,,
17140 2,(5-),26 keV 6,,,,,
17190 15,8+,,,,,,
17227 2,(4+),17 keV 3,,,,,
17.29E3 4,,≈ 46 keV,,,,,
17407 10,(6+),20 keV,,,,,
17444 10,(6+),20 keV,,,,,
17465 10,,,,,,,
17520 15,,,,,,,
17623 3,(5-),23 keV 8,,,,,
17740 10,(4+),≈ 25 keV,,,,,
17748 10,,≈ 20 keV,,,,,
17782 10,,≈ 42 keV,,,,,
17840 10,,≈ 42 keV,,,,,
17900,(8+),,,,,,
17948 3,(4+),56 keV 8,,,,,
17990 10,(6+),≈ 17 keV,,,,,
18038 3,(5-),50 keV 8,,,,,
18075 10,,,,,,,
18097 10,,20 keV,,,,,
18157 10,(5-),20 keV,,,,,
18160,8+,,,,,,
18169 10,(7-),< 8 keV,,,,,
18203 10,,≈ 25 keV,,,,,
18273 10,(7-),≈ 21 keV,,,,,
18332 10,,≈ 17 keV,,,,,
18423 10,(6+),≈ 17 keV,,,,,
18465 10,,≈ 13 keV,,,,,
18740 15,,,,,,,
18970,(8+),,,,,,
19.0E3 3,,,,,,,
19110 15,(10+),,5856?,100,,13212.8,
19.2E3 3,,,,,,,
19.21E3 4,(9-),,,,,,
19400 15,,,,,,,
19.69E3 3,,,,,,,
19890 15,,,,,,,
19990 15,(7-),59 keV 5,,,,,
20.03E3 3,,28 keV 5,,,,,
20090,(9-),35 keV 13,,,,,
20210 15,[10+],35 keV 13,,,,,
20260 15,(8+),64 keV 8,,,,,
20.28E3 2,(2+),,,,,,
20420,(9-),,,,,,
20.46E3 1,,< 15 keV,,,,,
20.53E3 3,(6+),43 keV 13,,,,,
20.68E3 5,,,,,,,
20.83E3 3,,< 15 keV,,,,,
20.91E3 3,,< 15 keV,,,,,
20.94E3 3,,,,,,,
21.20E3 2,(4+),,,,,,
21.29E3 3,,< 15 keV,,,,,
21.39E3 2,(6+),,,,,,
21.46E3 2,,,,,,,
21.66E3 5,,,,,,,
21.80E3 1,,< 15 keV,,,,,
22.3E3 2,(4+),,,,,,
22.4E3 2,(8),,,,,,
22.79E3 2,,,,,,,
22.87E3 1,,< 15 keV,,,,,
22.93E3 3,,73 keV 13,,,,,
23.00E3 2,,,,,,,
23.10E3 3,,,,,,,
23.19E3 3,,< 15 keV,,,,,
23.26E3 1,,< 15 keV,,,,,
23.77E3 1,"(6+,(8+))",,,,,,
24.37E3 3,(9),27 keV 3,,,,,
24.53E3 5,,,,,,,
24.60E3 3,(8+),,,,,,
24.98E3 14,(9),,,,,,
25.18E3 3,(6+),163 keV 6,,,,,
25.40E3 3,,,,,,,
25.8E3 2,"(9,10)",,,,,,
26.2E3 2,(10),,,,,,
26.28E3 2,(12+),,,,,,
26.45E3 3,(8+),115 keV 20,,,,,
26.67E3 3,(12+),,,,,,
26.8E3 2,(10),,,,,,
27.4E3 1,,,,,,,
28.0E3 1,(10),,,,,,
28.5E3 1,,,,,,,
29.3E3 1,"(10,12)",,,,,,
29.7E3 1,,,,,,,
30.1E3 1,(12),,,,,,
31.2E3 1,(12),,,,,,
31.8E3 1,,,,,,,
32.6E3 1,(10),,,,,,
33.1E3 1,,,,,,,
37500,,,,,,,
43000,,,,,,,
46400,"(14+,16+)",,,,,,
